Fold,Loss,AUC,Accuracy,Precision,Recall
1,0.2242228090763092,0.9812719225883484,0.9192454814910889,0.817595899105072,0.9465824961662292
